runId	fit_min	fit_max	fit_avg	fit_std	#evals	time	gen
1	-0.138729	1.80539	1.29704	0.0440785	300000	38	9999
2	0.0200047	1.33402	1.30208	0.0506735	300000	39	9999
3	0.370747	1.26739	1.25864	0.0246645	300000	38	9999
4	-0.00798305	1.30816	1.29548	0.0240424	300000	40	9999
5	0.389977	1.29261	1.26743	0.0445626	300000	40	9999
