runId	fit_min	fit_max	fit_avg	fit_std	#evals	time	gen
1	-0.374529	2.18602	1.30078	0.336518	300000	36	2999
2	0.149691	1.90063	1.20535	0.323601	300000	37	2999
3	0.412527	1.54104	1.18403	0.141766	300000	36	2999
4	0.160803	1.27965	1.27347	0.0234012	300000	37	2999
5	0.446757	1.20833	1.20509	0.0101944	300000	36	2999
