runId	fit_min	fit_max	fit_avg	fit_std	#evals	time	gen
1	-0.114627	1.31028	1.28907	0.0469109	300000	37	1199
2	0.0288318	1.64568	1.24456	0.2158	300000	37	1199
3	-0.212822	1.31417	1.2889	0.047371	300000	37	1199
4	0.401087	1.30694	1.28697	0.0384655	300000	38	1199
5	0.302773	1.46786	1.0675	0.245819	300000	37	1199
