runId	fit_min	fit_max	fit_avg	fit_std	#evals	time	gen
1	0.258433	1.23739	1.2314	0.0172568	300000	21	9999
2	0.412963	1.16442	1.1284	0.0195433	300000	21	9999
3	-0.054712	1.20561	1.19314	0.039368	300000	20	9999
4	0.485044	1.21954	1.20458	0.0272388	300000	21	9999
5	0.0968487	1.23739	1.22644	0.021468	300000	21	9999
