runId	fit_min	fit_max	fit_avg	fit_std	#evals	time	gen
1	0.387358	1.23467	1.23467	2.25841e-16	300000	37	9999
2	0.48657	1.52715	1.15875	0.00575846	300000	36	9999
3	0.445682	1.26348	1.26348	4.51681e-16	300000	37	9999
4	0.509529	1.29352	1.29295	0.00311262	300000	38	9999
5	0.406436	1.24943	1.2456	0.0145713	300000	36	9999
