runId	fit_min	fit_max	fit_avg	fit_std	#evals	time	gen
1	0.447111	1.13732	1.13604	0.0076398	300000	19	1199
2	0.53612	1.2451	1.07223	0.125119	300000	19	1199
3	-0.239045	1.8923	1.19897	0.341559	300000	19	1199
4	0.567945	1.11815	1.06746	0.044283	300000	20	1199
5	0.539866	1.09558	1.09428	0.0075884	300000	20	1199
