runId	fit_min	fit_max	fit_avg	fit_std	#evals	time	gen
1	0.527459	1.17912	1.17912	2.25841e-16	300000	20	9999
2	0.10702	1.31931	1.18062	0.00403062	300000	20	9999
3	0.671395	1.09974	1.07346	4.51681e-16	300000	21	9999
4	0.551635	1.2128	1.2128	2.25841e-16	300000	20	9999
5	0.529219	1.19796	1.07055	0.0320554	300000	20	9999
