runId	fit_min	fit_max	fit_avg	fit_std	#evals	time	gen
1	0.485044	1.16484	1.16306	0.0088512	300000	20	2999
2	0.507512	1.36269	1.09566	0.106659	300000	19	2999
3	0.128611	1.19055	1.1893	0.0104322	300000	20	2999
4	0.418377	1.07504	1.07441	0.00368246	300000	19	2999
5	0.146987	1.23223	1.16506	0.0287188	300000	21	2999
