runId	fit_min	fit_max	fit_avg	fit_std	#evals	time	gen
1	0.192437	1.22488	1.21936	0.0183622	300000	20	9999
2	0.128211	1.22278	1.21043	0.0290203	300000	20	9999
3	0.0779544	1.1994	1.19221	0.0198506	300000	21	9999
4	0.167994	1.19878	1.18191	0.0393105	300000	21	9999
5	0.521157	1.4622	1.14324	0.00671264	300000	20	9999
