runId	fit_min	fit_max	fit_avg	fit_std	#evals	time	gen
1	-0.250203	1.93163	1.19665	0.0606301	300000	21	9999
2	0.620923	1.08437	1.07387	0.0153666	300000	20	9999
3	0.353255	1.22438	1.19973	0.0420576	300000	21	9999
4	0.275239	1.36833	1.12114	0.0806463	300000	21	9999
5	0.083238	1.29962	1.20072	0.0392452	300000	21	9999
