runId	fit_min	fit_max	fit_avg	fit_std	#evals	time	gen
1	0.0649472	1.28867	1.28445	0.0276632	300000	35	1199
2	0.458255	1.2425	1.24172	0.00426155	300000	37	1199
3	0.241603	1.24666	1.24604	0.0044952	300000	35	1199
4	0.0597752	1.30398	1.30179	0.00983151	300000	38	1199
5	-0.889997	2.2821	1.09478	0.913695	300000	39	1199
