runId	fit_min	fit_max	fit_avg	fit_std	#evals	time	gen
1	0.27479	1.29358	1.2441	0.0499063	300000	34	1199
2	0.0588428	1.74776	1.23827	0.206817	300000	37	1199
3	0.225933	1.28809	1.27212	0.0310833	300000	36	1199
4	-0.703826	2.35401	1.29687	0.406356	300000	38	1199
5	0.366821	1.27495	1.26092	0.0235076	300000	38	1199
