runId	fit_min	fit_max	fit_avg	fit_std	#evals	time	gen
1	0.380499	1.2298	1.22742	0.0117912	300000	18	1199
2	-0.274908	2.05086	1.17731	0.538118	300000	21	1199
3	0.421554	1.17256	1.1686	0.0192709	300000	19	1199
4	0.299411	1.21735	1.21411	0.0184586	300000	19	1199
5	-0.424792	1.81354	1.13622	0.478153	300000	20	1199
