runId	fit_min	fit_max	fit_avg	fit_std	#evals	time	gen
1	0.0475914	1.22412	1.21698	0.0204097	300000	19	1199
2	0.242465	1.22102	1.2137	0.0212704	300000	21	1199
3	-0.32936	2.05086	1.23519	0.21918	300000	21	1199
4	0.458972	1.18017	1.17381	0.0180882	300000	19	1199
5	0.503748	1.17801	1.16769	0.026608	300000	20	1199
