runId	fit_min	fit_max	fit_avg	fit_std	#evals	time	gen
1	-0.296324	1.30251	1.29304	0.0188563	300000	38	2999
2	0.297187	1.28237	1.26448	0.0291077	300000	37	2999
3	0.100356	1.30117	1.2869	0.0266418	300000	37	2999
4	-0.272503	1.98967	1.20228	0.373715	300000	39	2999
5	-0.0278928	1.26219	1.25472	0.019428	300000	38	2999
