runId	fit_min	fit_max	fit_avg	fit_std	#evals	time	gen
1	0.478681	1.08359	1.07521	0.0165603	300000	19	1199
2	0.15545	1.21085	1.19692	0.0312981	300000	20	1199
3	-0.329338	2.2481	1.20941	0.413366	300000	21	1199
4	0.184766	1.55557	1.1555	0.152889	300000	20	1199
5	-0.391392	2.05086	1.21295	0.49537	300000	22	1199
