runId	fit_min	fit_max	fit_avg	fit_std	#evals	time	gen
1	0.340961	1.22382	1.21945	0.0197645	300000	37	2999
2	-0.0973476	1.2866	1.27656	0.0743276	300000	37	2999
3	-0.277809	1.72745	1.17683	0.130912	300000	37	2999
4	0.500864	1.24035	1.23962	0.00427795	300000	36	2999
5	0.194826	1.2302	1.22981	0.00231206	300000	37	2999
