runId	fit_min	fit_max	fit_avg	fit_std	#evals	time	gen
1	0.478372	1.19587	1.19434	0.00846091	300000	35	1199
2	0.21116	1.29067	1.28597	0.0427803	300000	37	1199
3	0.189062	1.26168	1.26	0.0100874	300000	37	1199
4	0.3126	1.20598	1.20306	0.0148441	300000	37	1199
5	-0.502042	2.40731	1.21576	0.777429	300000	39	1199
