runId	fit_min	fit_max	fit_avg	fit_std	#evals	time	gen
1	0.246428	1.22278	1.21481	0.0246581	300000	20	2999
2	0.2525	1.20849	1.19954	0.0245698	300000	20	2999
3	-0.0466857	1.49536	1.2124	0.131679	300000	20	2999
4	-0.604072	2.40731	1.29887	0.526751	300000	20	2999
5	0.445975	1.36269	1.14133	0.0628114	300000	21	2999
