runId	fit_min	fit_max	fit_avg	fit_std	#evals	time	gen
1	-0.339716	1.31559	1.31126	0.0221718	300000	36	2999
2	0.0011165	1.30065	1.29882	0.0118173	300000	38	2999
3	0.383533	1.24548	1.24248	0.0127576	300000	37	2999
4	0.548253	1.29082	1.29	0.00499177	300000	36	2999
5	0.492739	1.29835	1.29618	0.00986813	300000	38	2999
