runId	fit_min	fit_max	fit_avg	fit_std	#evals	time	gen
1	0.388547	1.21735	1.21565	0.00932032	300000	21	9999
2	0.507792	1.18625	1.07129	0.0406962	300000	20	9999
3	0.709337	1.07946	1.07946	2.25841e-16	300000	20	9999
4	0.43621	1.18288	1.18119	0.00923967	300000	22	9999
5	0.485044	1.22102	1.21826	0.0145331	300000	21	9999
