runId	fit_min	fit_max	fit_avg	fit_std	#evals	time	gen
1	0.457026	1.18151	1.16508	0.037958	300000	19	2999
2	0.0735776	1.23457	1.22172	0.0298863	300000	20	2999
3	0.318975	1.21954	1.20966	0.0207772	300000	20	2999
4	0.393734	1.21954	1.20922	0.0243885	300000	20	2999
5	0.218831	1.21648	1.20365	0.0326862	300000	21	2999
