runId	fit_min	fit_max	fit_avg	fit_std	#evals	time	gen
1	0.478681	1.26534	1.07637	0.0592092	300000	19	2999
2	0.454024	1.09865	1.09575	0.0115859	300000	19	2999
3	0.490756	1.49946	1.08295	0.167359	300000	19	2999
4	0.534549	1.1893	1.18457	0.0184946	300000	19	2999
5	0.511403	1.26534	1.06451	0.0480776	300000	19	2999
