runId	fit_min	fit_max	fit_avg	fit_std	#evals	time	gen
1	0.418281	1.23232	1.23006	0.0088765	300000	35	1199
2	-0.13607	1.87234	1.25739	0.237213	300000	38	1199
3	-0.157562	1.36875	1.35405	0.0411835	300000	37	1199
4	-0.655279	2.62859	1.36873	0.559938	300000	38	1199
5	0.0466262	1.28726	1.28182	0.0190228	300000	39	1199
