runId	fit_min	fit_max	fit_avg	fit_std	#evals	time	gen
1	0.467686	1.10539	1.10336	0.0192495	300000	34	1199
2	0.431991	1.18043	1.17884	0.00998904	300000	35	1199
3	0.431991	1.24009	1.23774	0.00952158	300000	35	1199
4	0.438935	1.17187	1.16492	0.0295668	300000	37	1199
5	0.423436	1.17881	1.1764	0.0124964	300000	36	1199
