runId	fit_min	fit_max	fit_avg	fit_std	#evals	time	gen
1	0.47788	1.16817	1.16207	0.0190755	300000	19	1199
2	0.141769	1.2391	1.2318	0.022166	300000	20	1199
3	0.262162	1.25908	1.25132	0.0234828	300000	20	1199
4	-0.245067	1.25811	1.24666	0.029974	300000	19	1199
5	0.485044	1.21954	1.21347	0.0211227	300000	20	1199
