runId	fit_min	fit_max	fit_avg	fit_std	#evals	time	gen
1	0.25803	1.2298	1.21675	0.030688	300000	20	1199
2	0.157394	1.22278	1.20689	0.0335035	300000	20	1199
3	0.205963	1.22278	1.20569	0.032508	300000	21	1199
4	0.079015	1.46889	1.17627	0.0987767	300000	21	1199
5	0.387652	1.19592	1.17861	0.0318074	300000	21	1199
