runId	fit_min	fit_max	fit_avg	fit_std	#evals	time	gen
1	0.383608	1.33654	1.07394	0.128689	300000	19	2999
2	0.485044	1.21807	1.21108	0.0209109	300000	19	2999
3	0.245261	1.56271	1.16125	0.13893	300000	21	2999
4	0.567945	1.11815	1.03975	0.0669734	300000	20	2999
5	0.435698	1.1893	1.18205	0.0224403	300000	19	2999
