runId	fit_min	fit_max	fit_avg	fit_std	#evals	time	gen
1	0.344592	1.22102	1.1983	0.0401628	300000	21	2999
2	-0.514052	2.1409	1.16387	0.551958	300000	20	2999
3	0.104179	1.22213	1.19907	0.0473635	300000	21	2999
4	0.278402	1.50012	1.19876	0.101483	300000	20	2999
5	0.0669038	1.59484	1.15375	0.143261	300000	22	2999
