runId	fit_min	fit_max	fit_avg	fit_std	#evals	time	gen
1	0.431991	1.23803	1.23062	0.0242667	300000	37	9999
2	0.0484023	1.40796	1.23274	0.0428717	300000	38	9999
3	0.49402	1.21354	1.21065	0.0109725	300000	37	9999
4	0.498243	1.35782	1.13475	0.0365942	300000	37	9999
5	0.225209	1.26175	1.25461	0.0193651	300000	39	9999
