runId	fit_min	fit_max	fit_avg	fit_std	#evals	time	gen
1	0.490003	1.35756	1.10739	0.1144	300000	36	2999
2	0.437572	1.21764	1.08463	0.0751692	300000	36	2999
3	0.292919	1.21657	1.21473	0.0140313	300000	37	2999
4	0.534941	1.12267	1.08849	0.0182226	300000	37	2999
5	0.234429	1.19401	1.19379	0.00218109	300000	36	2999
