runId	fit_min	fit_max	fit_avg	fit_std	#evals	time	gen
1	0.154835	1.2298	1.21682	0.0196757	300000	20	9999
2	0.126492	1.2298	1.22367	0.0124192	300000	21	9999
3	0.103821	1.22816	1.2174	0.0271503	300000	22	9999
4	-0.327769	1.69007	1.20575	0.127458	300000	21	9999
5	-0.00902387	1.33871	1.22045	0.0195056	300000	22	9999
