runId	fit_min	fit_max	fit_avg	fit_std	#evals	time	gen
1	0.205963	1.2298	1.21779	0.0225745	300000	20	2999
2	-0.31786	1.24459	1.21313	0.0779858	300000	20	2999
3	0.182725	1.22102	1.20778	0.027275	300000	21	2999
4	0.334613	1.19592	1.17324	0.0434958	300000	20	2999
5	0.149898	1.22278	1.20665	0.0336446	300000	21	2999
