runId	fit_min	fit_max	fit_avg	fit_std	#evals	time	gen
1	0.510669	1.17312	1.16889	0.0127413	300000	36	2999
2	0.362196	1.27872	1.27347	0.0216065	300000	37	2999
3	0.361781	1.26012	1.25405	0.0239354	300000	37	2999
4	0.477977	1.29168	1.28875	0.00895719	300000	38	2999
5	0.481327	1.24369	1.24035	0.0112946	300000	36	2999
