runId	fit_min	fit_max	fit_avg	fit_std	#evals	time	gen
1	0.298845	1.32432	1.32273	0.00615858	300000	38	9999
2	0.423617	1.26287	1.25912	0.0101406	300000	37	9999
3	0.442526	1.27179	1.27002	0.00674934	300000	37	9999
4	0.375848	1.33399	1.22907	0.0284366	300000	37	9999
5	0.260739	1.2803	1.2803	4.51681e-16	300000	38	9999
