runId	fit_min	fit_max	fit_avg	fit_std	#evals	time	gen
1	-1.18991	2.44359	1.2603	0.605676	300000	37	2999
2	-0.0419677	1.29758	1.28194	0.0311494	300000	36	2999
3	-0.266681	1.31639	1.30427	0.0228823	300000	37	2999
4	-0.553724	1.31234	1.28396	0.0831162	300000	38	2999
5	-0.233464	1.55491	1.30762	0.122723	300000	38	2999
