runId	fit_min	fit_max	fit_avg	fit_std	#evals	time	gen
1	-0.916884	2.91954	1.41602	0.861107	300000	36	1199
2	-0.648342	1.68234	1.28	0.152525	300000	39	1199
3	-0.672689	2.25075	1.27155	0.482041	300000	37	1199
4	-0.240791	1.43973	1.2578	0.156603	300000	38	1199
5	-0.845111	2.46027	1.26171	0.805877	300000	38	1199
