runId	fit_min	fit_max	fit_avg	fit_std	#evals	time	gen
1	-0.297198	2.13773	1.22294	0.5144	300000	21	1199
2	0.210885	1.18846	1.18174	0.0179757	300000	20	1199
3	0.350601	1.22438	1.21193	0.0324542	300000	20	1199
4	0.360474	1.22864	1.2153	0.0530169	300000	20	1199
5	0.547513	1.1893	1.18386	0.0175432	300000	19	1199
