runId	fit_min	fit_max	fit_avg	fit_std	#evals	time	gen
1	0.132022	1.23457	1.21813	0.0293471	300000	20	1199
2	-0.10646	1.2391	1.21748	0.0348671	300000	22	1199
3	-0.874209	2.14092	1.17536	0.412206	300000	21	1199
4	-0.528399	1.9245	1.23246	0.311557	300000	21	1199
5	0.123237	1.23457	1.22171	0.0293617	300000	21	1199
