runId	fit_min	fit_max	fit_avg	fit_std	#evals	time	gen
1	0.489302	1.2335	1.2335	4.51681e-16	300000	20	9999
2	0.206106	1.23457	1.23457	4.51681e-16	300000	21	9999
3	-0.164412	1.21099	1.20388	0.0357297	300000	20	9999
4	0.316829	1.21053	1.20926	0.00559936	300000	22	9999
5	0.312658	1.23457	1.23457	4.51681e-16	300000	21	9999
