runId	fit_min	fit_max	fit_avg	fit_std	#evals	time	gen
1	0.430615	1.21364	1.21364	2.25841e-16	300000	35	9999
2	0.505893	1.24362	1.24156	0.00783126	300000	37	9999
3	0.587798	1.34334	1.13335	0.035162	300000	37	9999
4	0.481559	1.23178	1.23123	0.00301285	300000	37	9999
5	0.626963	1.24688	1.24582	0.00576388	300000	37	9999
