runId	fit_min	fit_max	fit_avg	fit_std	#evals	time	gen
1	0.480468	1.19228	1.18952	0.0131145	300000	19	2999
2	0.29143	1.20333	1.20265	0.0048195	300000	20	2999
3	-0.0898053	1.6367	1.23558	0.117177	300000	20	2999
4	0.485044	1.21954	1.21832	0.0071609	300000	19	2999
5	0.465867	1.21262	1.21188	0.00390039	300000	20	2999
