runId	fit_min	fit_max	fit_avg	fit_std	#evals	time	gen
1	0.255221	1.27254	1.25329	0.035528	300000	36	9999
2	0.191709	1.31509	1.29893	0.0254735	300000	38	9999
3	0.286636	1.31491	1.27559	0.0387135	300000	39	9999
4	-0.16185	1.3033	1.28796	0.0345227	300000	38	9999
5	-0.378972	1.29502	1.27984	0.0253196	300000	38	9999
