runId	fit_min	fit_max	fit_avg	fit_std	#evals	time	gen
1	0.213782	1.31163	1.31011	0.00487662	300000	38	9999
2	0.483548	1.23797	1.23373	0.0117004	300000	36	9999
3	0.297519	1.65867	1.2712	0.00868108	300000	36	9999
4	-0.464744	1.34173	1.33924	0.00957739	300000	38	9999
5	0.230494	1.2855	1.27717	0.0234205	300000	37	9999
