runId	fit_min	fit_max	fit_avg	fit_std	#evals	time	gen
1	-0.0671305	1.31668	1.27063	0.0366217	300000	37	9999
2	0.486097	1.28403	1.27936	0.0136371	300000	36	9999
3	0.447459	1.21619	1.21089	0.0132085	300000	37	9999
4	0.356338	1.26087	1.2504	0.0217189	300000	38	9999
5	0.427487	1.30094	1.29333	0.027602	300000	38	9999
