runId	fit_min	fit_max	fit_avg	fit_std	#evals	time	gen
1	0.481298	1.21954	1.20519	0.0442599	300000	21	9999
2	0.285296	1.24676	1.24322	0.0120979	300000	21	9999
3	-0.0790266	1.2391	1.22853	0.0301149	300000	21	9999
4	-0.0790266	1.2391	1.22546	0.0326974	300000	21	9999
5	0.41329	1.1909	1.17999	0.0250351	300000	21	9999
