runId	fit_min	fit_max	fit_avg	fit_std	#evals	time	gen
1	0.0890524	1.23605	1.23308	0.0145331	300000	19	1199
2	0.453493	1.19228	1.18993	0.0124151	300000	19	1199
3	0.339963	1.21648	1.21576	0.00570328	300000	21	1199
4	0.354346	1.20333	1.20113	0.0136593	300000	20	1199
5	-0.207066	1.21303	1.21215	0.0076934	300000	20	1199
