runId	fit_min	fit_max	fit_avg	fit_std	#evals	time	gen
1	-0.370923	1.85733	1.30002	0.295424	300000	38	2999
2	0.199901	1.28586	1.27842	0.0225607	300000	36	2999
3	0.161118	1.2375	1.2325	0.0197484	300000	37	2999
4	0.0816695	1.2444	1.23981	0.01203	300000	39	2999
5	0.15909	1.24544	1.24248	0.0121217	300000	38	2999
