runId	fit_min	fit_max	fit_avg	fit_std	#evals	time	gen
1	0.440458	1.16637	1.1555	0.0257533	300000	21	9999
2	0.513894	1.11894	1.11516	0.0115304	300000	20	9999
3	-0.0911906	1.41678	1.13891	0.10768	300000	20	9999
4	0.17921	1.21807	1.21417	0.0185001	300000	20	9999
5	0.276305	1.19084	1.18955	0.00492219	300000	21	9999
