runId	fit_min	fit_max	fit_avg	fit_std	#evals	time	gen
1	-0.31964	1.86875	1.27795	0.377669	300000	36	1199
2	0.413018	1.26792	1.26459	0.0112691	300000	36	1199
3	-0.331082	1.92999	1.25614	0.337005	300000	38	1199
4	-0.0271197	1.28946	1.2829	0.0251471	300000	39	1199
5	0.187745	1.26021	1.256	0.0135758	300000	38	1199
