runId	fit_min	fit_max	fit_avg	fit_std	#evals	time	gen
1	-0.787183	2.23222	1.15617	0.694327	300000	37	1199
2	0.387043	1.27224	1.26601	0.0184428	300000	37	1199
3	0.263668	1.48875	1.25397	0.0982061	300000	37	1199
4	0.236067	1.24693	1.2411	0.0193053	300000	37	1199
5	0.135437	1.71953	1.10676	0.452036	300000	39	1199
