runId	fit_min	fit_max	fit_avg	fit_std	#evals	time	gen
1	0.184901	1.23739	1.23387	0.0137137	300000	19	2999
2	0.129643	1.23739	1.23143	0.0179366	300000	20	2999
3	-0.073049	1.19881	1.19193	0.022002	300000	20	2999
4	0.485044	1.21954	1.21441	0.0200286	300000	20	2999
5	0.517168	1.21954	1.21221	0.0214034	300000	20	2999
