runId	fit_min	fit_max	fit_avg	fit_std	#evals	time	gen
1	-0.16172	1.32566	1.31351	0.0258464	300000	38	9999
2	0.0490818	1.27625	1.26247	0.0304718	300000	38	9999
3	-0.558582	1.68293	1.33615	0.141845	300000	38	9999
4	-0.622718	2.00206	1.30364	0.297158	300000	40	9999
5	-0.0552933	1.32544	1.3135	0.0250292	300000	39	9999
