runId	fit_min	fit_max	fit_avg	fit_std	#evals	time	gen
1	-0.392677	2.10496	1.3426	0.287925	300000	38	2999
2	0.240575	1.29049	1.27343	0.0302369	300000	37	2999
3	0.0554463	1.44411	1.22925	0.133129	300000	38	2999
4	0.275	1.30345	1.29289	0.0244425	300000	38	2999
5	0.411079	1.26937	1.26065	0.0184237	300000	38	2999
