runId	fit_min	fit_max	fit_avg	fit_std	#evals	time	gen
1	0.578963	1.67694	1.59781	0.0843126	300000	332	2999
