runId	fit_min	fit_max	fit_avg	fit_std	#evals	time	gen
1	-6.00529	3.74777	3.50302	0.575206	300000	354	2999
