runId	fit_min	fit_max	fit_avg	fit_std	#evals	time	gen
1	0.197005	1.83047	1.76781	0.0641226	300000	188	2999
