runId	fit_min	fit_max	fit_avg	fit_std	#evals	time	gen
1	-2.14088	2.55537	2.34357	0.422465	300000	181	1199
