runId	fit_min	fit_max	fit_avg	fit_std	#evals	time	gen
1	-4.17787	8.37465	8.21095	0.780594	300000	252	2999
