runId	fit_min	fit_max	fit_avg	fit_std	#evals	time	gen
1	-3.60677	2.72483	2.6519	0.22202	300000	181	2999
