runId	fit_min	fit_max	fit_avg	fit_std	#evals	time	gen
1	-2.08879	3.26019	2.95089	0.240532	300000	311	2999
