runId	fit_min	fit_max	fit_avg	fit_std	#evals	time	gen
1	-8.42094	3.84566	3.54014	0.329991	300000	233	2999
