runId	fit_min	fit_max	fit_avg	fit_std	#evals	time	gen
1	-3.15093	3.64107	3.51748	0.288986	300000	189	1199
