runId	fit_min	fit_max	fit_avg	fit_std	#evals	time	gen
1	-7.1358	3.47355	3.10429	0.901141	300000	177	2999
