runId	fit_min	fit_max	fit_avg	fit_std	#evals	time	gen
1	0.0678337	2.07317	2.00057	0.15559	300000	240	2999
