runId	fit_min	fit_max	fit_avg	fit_std	#evals	time	gen
1	-4.22811	2.51655	2.48158	0.186561	300000	171	2999
