runId	fit_min	fit_max	fit_avg	fit_std	#evals	time	gen
1	-0.255465	1.85286	1.8042	0.10246	300000	190	2999
