runId	fit_min	fit_max	fit_avg	fit_std	#evals	time	gen
1	-1.44969	3.4828	3.31053	0.287267	300000	322	2999
