runId	fit_min	fit_max	fit_avg	fit_std	#evals	time	gen
1	-6.01466	3.6388	3.49715	0.323797	300000	191	2999
