runId	fit_min	fit_max	fit_avg	fit_std	#evals	time	gen
1	-3.19859	2.8035	2.78374	0.120668	300000	186	1199
