runId	fit_min	fit_max	fit_avg	fit_std	#evals	time	gen
1	-3.695	2.31413	2.1935	0.461914	300000	206	1199
