runId	fit_min	fit_max	fit_avg	fit_std	#evals	time	gen
1	-4.69763	3.03747	3.00747	0.200555	300000	187	2999
