runId	fit_min	fit_max	fit_avg	fit_std	#evals	time	gen
1	-11.464	4.23233	3.93479	0.62613	300000	204	9999
