runId	fit_min	fit_max	fit_avg	fit_std	#evals	time	gen
1	-4.21845	3.39472	3.32015	0.177134	300000	219	1199
