runId	fit_min	fit_max	fit_avg	fit_std	#evals	time	gen
1	-6.71709	10.894	10.2283	1.13754	300000	272	2999
