runId	fit_min	fit_max	fit_avg	fit_std	#evals	time	gen
1	-9.89973	4.7016	3.85793	1.53981	300000	184	2999
