runId	fit_min	fit_max	fit_avg	fit_std	#evals	time	gen
1	-2.94147	3.75384	3.47961	0.593889	300000	193	1199
