runId	fit_min	fit_max	fit_avg	fit_std	#evals	time	gen
1	-3.66678	3.32505	3.06785	0.409745	300000	200	1199
