runId	fit_min	fit_max	fit_avg	fit_std	#evals	time	gen
1	-3.15862	2.64293	2.48521	0.33712	300000	197	9999
