runId	fit_min	fit_max	fit_avg	fit_std	#evals	time	gen
1	-2.35421	3.6068	3.39661	0.555711	300000	348	2999
