runId	fit_min	fit_max	fit_avg	fit_std	#evals	time	gen
1	-1.64002	2.2964	2.25008	0.182652	300000	197	9999
