runId	fit_min	fit_max	fit_avg	fit_std	#evals	time	gen
1	-5.44304	3.05412	2.98376	0.385375	300000	180	9999
