runId	fit_min	fit_max	fit_avg	fit_std	#evals	time	gen
1	-0.989106	3.74808	3.61717	0.211396	300000	335	2999
