runId	fit_min	fit_max	fit_avg	fit_std	#evals	time	gen
1	-3.49161	4.04742	3.34072	0.474546	300000	183	2999
