runId	fit_min	fit_max	fit_avg	fit_std	#evals	time	gen
1	-9.39681	5.92162	5.38894	1.02142	300000	302	2999
