runId	fit_min	fit_max	fit_avg	fit_std	#evals	time	gen
1	-4.50027	4.39463	3.91167	0.816369	300000	186	9999
