runId	fit_min	fit_max	fit_avg	fit_std	#evals	time	gen
1	-3.32657	3.77502	3.63682	0.504506	300000	199	9999
