runId	fit_min	fit_max	fit_avg	fit_std	#evals	time	gen
1	-0.709691	1.80595	1.77138	0.147607	300000	190	2999
