runId	fit_min	fit_max	fit_avg	fit_std	#evals	time	gen
1	-2.75691	2.85825	2.59598	0.455335	300000	195	2999
