runId	fit_min	fit_max	fit_avg	fit_std	#evals	time	gen
1	0.639732	1.77015	1.76575	0.0372484	300000	178	1199
