runId	fit_min	fit_max	fit_avg	fit_std	#evals	time	gen
1	-1.98203	3.07228	2.96322	0.285609	300000	291	2999
