runId	fit_min	fit_max	fit_avg	fit_std	#evals	time	gen
1	-8.99233	3.63949	3.51914	0.453396	300000	192	9999
