runId	fit_min	fit_max	fit_avg	fit_std	#evals	time	gen
1	-3.68693	3.45613	3.14481	0.668776	300000	185	9999
