runId	fit_min	fit_max	fit_avg	fit_std	#evals	time	gen
1	-1.68568	2.91577	2.84608	0.241433	300000	185	2999
