runId	fit_min	fit_max	fit_avg	fit_std	#evals	time	gen
1	-7.33098	3.27587	3.08575	0.409744	300000	186	2999
